# Tabla de particiones para flash de 4MB (0x400000), CON OTA.
#
# OTA necesita dos particiones de app del mismo tamano: se escribe la imagen
# nueva en la que no esta corriendo y recien al final se cambia el puntero de
# arranque. Eso cuesta ~1.19MB de flash que antes eran del audio.
#
# app0/app1: 0x130000 (1.1875MB) c/u. El firmware con OTA+mDNS pesa ~1.01MB,
#            asi que queda ~180KB de margen para crecer.
# spiffs:    1.5MB para los 4 slots de audio (antes 2.625MB, sin OTA).
#
# Name,     Type, SubType, Offset,   Size
nvs,        data, nvs,     0x9000,   0x5000
otadata,    data, ota,     0xe000,   0x2000
app0,       app,  ota_0,   0x10000,  0x130000
app1,       app,  ota_1,   0x140000, 0x130000
spiffs,     data, spiffs,  0x270000, 0x180000
coredump,   data, coredump,0x3F0000, 0x10000
